feature_name,feature_importance,label
POP,45,0
HEALTHINDEX,38,0
ANIO_NACIMIENTO,35,0
EDUC_LEVEL_technologicalqualifiedknowing,27,0
MARITALSTATUS_WIDOWER,24,0
MSCH,24,0
timejail_day,23,0
COUNTRY_REPUBLICOFCOLOMBIA,23,0
INCINDEX,22,0
JAILNAME_EPMSCIPIALES,22,0
MADRE_GESTANTE,22,0
EDUC_LEVEL_Postgraduatespecialization,21,0
recidivism_day,21,0
JAILNAME_EPMSCMANIZALES,19,0
EDUC_LEVEL_Profesionaltechnicianqualifiedknowing,18,0
JAILNAME_COMPLEJOCARCELARIOYPENITENCIARIODEIBAGUEPICALEACONDENADOS,17,0
JAILNAME_EPMSCSANTAMARTA,17,0
JAILNAME_EPMSCCAICEDONIA,16,0
JAILNAME_CMSSANTAFEDEANTIOQUIA,16,0
ESCH,15,0
JAILNAME_EPMSCMONTERIA,15,0
JAILNAME_EPMSCVELEZ,15,0
JAILNAME_EPMSCGRANADA,15,0
JAILNAME_EPMSCISTMINA,15,0
JAILNAME_EPCLAESPERANZADEGUADUAS,15,0
JAILNAME_EPMSCAGUACHICA,15,0
MARITALSTATUS_DIVORCED,15,0
JAILNAME_EPMSCCARTAGENA,14,0
JAILNAME_COMPLEJOCARCELARIOYPENITENCIARIODEJAMUNDIRMUJERES,14,0
JAILNAME_EPMSCSOGAMOSO,14,0
JAILNAME_RMMANIZALES,14,0
JAILNAME_EPAMSCASCOMBITA,14,0
JAILNAME_CPMSBUCARAMANGAERE,14,0
JAILNAME_EPAMSCASVALLEDUPARERM,14,0
GNIC,14,0
SEVERITY,14,0
JAILNAME_EPAMSCASPOPAYANERE,13,0
JAILNAME_EPMSCVILLAVICENCIO,13,0
JAILNAME_EPCCOMBITAMEDIANASEGURIDADBARNE,13,0
JAILNAME_EPMSCVALLEDUPAR,13,0
JAILNAME_EPMSCBARRANQUILLA,13,0
JAILNAME_CAMISACACIAS,13,0
JAILNAME_CMSBARRANQUILLA,12,0
JAILNAME_EPMSCCALIERE,12,0
JAILNAME_ECBOGOTA,12,0
JAILNAME_CPAMSPALMIRA,12,0
JAILNAME_EPMSCDUITAMA,12,0
JAILNAME_EPMSCGIRARDOT,12,0
JAILNAME_EPMSCTIERRAALTA,12,0
JAILNAME_EPMSCMAGANGUE,12,0
JAILNAME_EPMSCMEDELLIN,12,0
JAILNAME_EPMSCROLDANILLO,12,0
JAILNAME_EPMSCFLORENCIA,11,0
JAILNAME_EPMSCBARRANCABERMEJA,11,0
JAILNAME_EPMSCRMPASTO,11,0
JAILNAME_CPMSESPINAL,11,0
LIFEXP,11,0
JAILNAME_EPMSCSINCELEJO,11,0
JAILNAME_EPMSCACACIAS,11,0
JAILNAME_EPMSCSANANDRES,11,0
JAILNAME_EPMSCSANTAROSADEVITERBOJYPMUJERES,11,0
JAILNAME_EPMSCPAMPLONA,11,0
JAILNAME_EPMSCCALARCA,11,0
JAILNAME_EPCYOPAL,10,0
JAILNAME_EPMSCSANTANDERDEQUILICHAO,10,0
JAILNAME_CPMSPUERTOTRIUNFO,10,0
JAILNAME_EPAMSGIRON,10,0
JAILNAME_EPAMSLADORADA,10,0
JAILNAME_CPMSTULUA,10,0
JAILNAME_EPMSCZIPAQUIRA,10,0
JAILNAME_EPMSCPITALITO,10,0
JAILNAME_EPMSSANGIL,10,0
JAILNAME_COMPLEJOCARCELARIOYPENITENCIARIOMETROPOLITANODECUCUTACONDENADOS,10,0
JAILNAME_EPMSCBUGA,10,0
JAILNAME_CPMSTUNJA,10,0
JAILNAME_COMPLEJOCARCELARIOYPENITENCIARIODEJAMUNDICONDENADOS,10,0
JAILNAME_EPMSCARMENIA,10,0
JAILNAME_EPMSCQUIBDO,10,0
JAILNAME_EPMSCBUENAVENTURA,10,0
JAILNAME_COMPLEJOCARCELARIOYPENITENCIARIODEMEDELLINPEDREGALSINDICADOS,9,0
JAILNAME_CPMSCHIQUINQUIRA,9,0
REGIONALNME_ORIENTE,9,0
JAILNAME_EPLASHELICONIASDEFLORENCIA,9,0
JAILNAME_CPMSFUSAGASUGA,9,0
JAILNAME_EPMSCCARTAGO,9,0
JAILNAME_EPMSCSOCORRO,9,0
JAILNAME_EPMSCNEIVA,9,0
JAILNAME_EPMSCGARZON,9,0
JAILNAME_EPMSCPEREIRAERE,9,0
JAILNAME_EPMSCHONDA,8,0
JAILNAME_EPMSCAGUADAS,8,0
JAILNAME_EPMSCARAUCA,8,0
JAILNAME_EPMSCBOLIVARCAUCA,8,0
JAILNAME_RMBUCARAMANGA,8,0
JAILNAME_EPCJAMUNDI,8,0
JAILNAME_EPMSCAPARTADO,8,0
JAILNAME_EPMSCPUERTOBOYACA,8,0
JAILNAME_ECSABANALARGAERE,8,0
year,8,0
EDINDEX,8,0
JAILNAME_COMPLEJOIBAGUEPICALEA,8,0
JAILNAME_EPMSRAMIRIQUI,7,0
JAILNAME_CPMSCHOCONTA,7,0
JAILNAME_EPMSCANSERMA,7,0
JAILNAME_EPMSCCAQUEZA,7,0
JAILNAME_EPMSCCUCUTAERE,7,0
JAILNAME_EPMSCLAPLATA,7,0
JAILNAME_EPMSCLIBANO,7,0
JAILNAME_COMPLEJOCARCELARIOYPENITENCIARIOMETROPOLITANODECUCUTASINDICADOS,7,0
JAILNAME_EPMSCOCANA,7,0
JAILNAME_CMPSJERICO,7,0
JAILNAME_COMPLEJOCARCELARIOYPENITENCIARIODEIBAGUEPICALEAMUJERES,7,0
JAILNAME_EPMSCSALAMINA,7,0
JAILNAME_CPMSLAMESA,7,0
JAILNAME_EPMSCSEVILLA,7,0
JAILNAME_RMDEJAMUNDI,7,0
JAILNAME_RMPOPAYAN,7,0
JAILNAME_EPMSCSANTABARBARA,6,0
JAILNAME_EPMSCMOCOA,6,0
JAILNAME_EPMSCSONSON,6,0
DELITO_COMP_AGRA_CALF_THEFT,6,0
MARITALSTATUS_SINGLE,6,0
JAILNAME_EPMSCELBANCO,6,0
JAILNAME_RMARMENIA,6,0
JAILNAME_EPMSCBOLIVARANTIOQUIA,6,0
JAILNAME_EPMSCPUERTOBERRIO,6,0
JAILNAME_CPMSSANTODOMINGO,6,0
JAILNAME_COMPLEJOCARCELARIOYPENITENCIARIOMETROPOLITANODECUCUTAMUJERES,6,0
JAILNAME_EPMSCYARUMAL,5,0
JAILNAME_EPMSCANDES,5,0
JAILNAME_RMPEREIRA,5,0
JAILNAME_EPMSCRIOSUCIO,5,0
JAILNAME_CPMSUBATE,5,0
JAILNAME_COMPLEJOCARCELARIOYPENITENCIARIODEMEDELLINPEDREGALMUJERES,5,0
MARITALSTATUS_FREEUNION,5,0
JAILNAME_EPMSCPUERTOTEJADA,5,0
EDUC_LEVEL_Fourthcycle,5,0
JAILNAME_EPMSCVILLETA,5,0
JAILNAME_EPMSCTAMESIS,5,0
JAILNAME_EPMSCSANTAROSADECABAL,5,0
JAILNAME_EPMSCMALAGA,5,0
JAILNAME_EPMSCCHAPARRAL,4,0
JAILNAME_EPMSCTUMACO,4,0
ACTIVIDADES_TRABAJO,4,0
JAILNAME_COMPLEJOCARCELARIOYPENITENCIARIOMETROPOLITANODEBOGOTA,4,0
JAILNAME_RMPEDREGALMEDELLIN,4,0
JAILNAME_EPMSCLACEJA,3,0
SHDI,3,0
JAILNAME_CPMSSANVICENTEDECHUCURI,3,0
JAILNAME_EPMSCPACORA,3,0
JAILNAME_CPAMSLAPAZ,3,0
JAILNAME_EPCGUAMO,3,0
JAILNAME_EPMSCELBORDO,3,0
JAILNAME_EPMSCTUQUERRES,3,0
REGIONALNME_NOROESTE,3,0
JAILNAME_EPMSCCAUCASIA,3,0
DELITO_COMP_AGRA_CONCERTFORDELINQUIR,3,0
JAILNAME_CPMSGARAGOA,3,0
JAILNAME_CPMSMONIQUIRA,3,0
EDUC_LEVEL_Thirdcycle,3,0
JAILNAME_CPMSMELGAR,3,0
JAILNAME_CPMSPAZDEARIPORO,2,0
JAILNAME_EPMSCTITIRIBI,2,0
JAILNAME_EPMSCPENSILVANIA,2,0
JAILNAME_EPMSCSANTAROSADEOSOS,2,0
JAILNAME_EPMSCLAUNION,2,0
JAILNAME_EPMSCSILVIA,2,0
EDUC_LEVEL_Secondcycle,2,0
ACTIVIDADES_ESTUDIO,2,0
JAILNAME_ECARMEROGUAYABAL,1,0
DELITO_COMP_AGRA_HOMICIDE,1,0
JAILNAME_RMBOGOTA,1,0
EDUC_LEVEL_Profesionalundergrad,1,0
DELITO_COMP_OTHER,1,0
ACTIVIDADES_ENSEANZA,1,0
JAILNAME_EPMSCFRESNO,1,0
JAILNAME_ERECOROZAL,0,0
HIJOS_MENORES,0,0
REGIONALNME_VIEJOCALDAS,0,0
REGIONALNME_OCCIDENTE,0,0
REGIONALNME_NORTE,0,0
REGIONALNME_CENTRAL,0,0
JAILNAME_RMMEDELLIN,0,0
JAILNAME_RMPICALEA,0,0
DISCAPACIDAD,0,0
JAILNAME_RMGUAMO,0,0
JAILNAME_CPMSPURIFICACION,0,0
JAILNAME_RMCUCUTA,0,0
JAILNAME_RMCALI,0,0
DELITO_COMP_AGRA_THEFT,0,0
MADRE_LACTANTE,0,0
JAILNAME_ECPEDREGALMEDELLIN,0,0
ADULTO_MAYOR,0,0
COUNTRY_VENEZUELA,0,0
DELITO_COMP_MANUFACTURINGTRAFFICORSUPPORTOFNARCOTICS,0,0
DELITO_COMP_CALF_THEFT,0,0
EDUC_LEVEL_Firstcycle,0,0
JAILNAME_EPMSCIBAGUEERE,0,0
MARITALSTATUS_MARRIED,0,0
JAILNAME_EPMSCGUATEQUE,0,0
MARITALSTATUS_RELIGIOUS,0,0
MARITALSTATUS_SEPARATED,0,0
MARITALSTATUS_UNDEFINED,0,0
JAILNAME_EPMSCFACATATIVA,0,0
JAILNAME_COMPLEJOCARCELARIOYPENITENCIARIODEJAMUNDISINDICADOS,0,0
DELITO_COMP_CONCERTFORDELINQUIR,0,0
JAILNAME_EPMSCCIENAGA,0,0
EDUC_LEVEL_Illiterate,0,0
JAILNAME_EPMSCCALOTO,0,0
EDUC_LEVEL_MasterDegree,0,0
EDUC_LEVEL_Postgraduatecourse,0,0
EDUC_LEVEL_technicianqualifiedknowing,0,0
JAILNAME_COMPLEJOCARCELARIOYPENITENCIARIODEIBAGUEPICALEASINDICADOS,0,0
DELITO_COMP_TRAFFICMANUFACTUREANDPORTIONOFWEAPONSANDAMMUNITIONSFORTHEPRIVATIVEUSEOFTHEARMEDFORCES,0,0
JAILNAME_EPMSZAPATOCA,0,0
JAILNAME_EPMSCLETICIA,0,0
DELITO_COMP_TRAFFICMANUFACTUREANDPORTIONOFFIREARMSORAMMUNITIONS,0,0
DELITO_COMP_FOODABSENCE,0,0
DELITO_COMP_HOMICIDE,0,0
DELITO_COMP_INTRAFAMILYVIOLENCE,0,0
JAILNAME_CPMSGACHETA,0,0
DELITO_COMP_MANUFACTURETRAFFICPORTIONORTENUREOFFIREARMSACCESSORIESPARTSORAMMUNITIONS,0,0
JAILNAME_EPMSCRIOHACHA,0,0
COUNTRY_OTHER,0,0
DELITO_COMP_PERSONALINJURIES,0,0
DELITO_COMP_RECEIVING,0,0
DELITO_COMP_TENT_AGRA_CALF_THEFT,0,0
DELITO_COMP_TENT_AGRA_THEFT,0,0
DELITO_COMP_TENT_CALF_THEFT,0,0
GENERO,0,0
DELITO_COMP_TENT_HOMICIDE,0,0
DELITO_COMP_THEFT,0,0
JAILNAME_EPMSCMANZANARES,0,0
POP,65,1
HEALTHINDEX,54,1
MSCH,42,1
EDINDEX,36,1
MARITALSTATUS_SEPARATED,33,1
ESCH,29,1
GENERO,29,1
LIFEXP,27,1
JAILNAME_EPAMSLADORADA,25,1
JAILNAME_EPMSCCARTAGO,23,1
SHDI,22,1
INCINDEX,22,1
JAILNAME_EPMSCBUENAVENTURA,22,1
JAILNAME_EPMSCARAUCA,21,1
JAILNAME_EPMSCIPIALES,21,1
JAILNAME_EPMSCMEDELLIN,21,1
year,21,1
JAILNAME_EPMSCSANTANDERDEQUILICHAO,20,1
JAILNAME_EPMSCANDES,19,1
JAILNAME_EPMSCAPARTADO,19,1
REGIONALNME_VIEJOCALDAS,19,1
JAILNAME_EPAMSCASVALLEDUPARERM,18,1
JAILNAME_EPMSCLACEJA,18,1
JAILNAME_COMPLEJOCARCELARIOYPENITENCIARIODEMEDELLINPEDREGALMUJERES,18,1
JAILNAME_CPMSBUCARAMANGAERE,16,1
JAILNAME_EPMSCGARZON,16,1
JAILNAME_EPMSCBARRANCABERMEJA,16,1
JAILNAME_CAMISACACIAS,16,1
JAILNAME_CPMSPUERTOTRIUNFO,15,1
JAILNAME_CPMSESPINAL,15,1
JAILNAME_COMPLEJOCARCELARIOYPENITENCIARIODEMEDELLINPEDREGALSINDICADOS,15,1
JAILNAME_CMSBARRANQUILLA,15,1
JAILNAME_EPMSCCALIERE,14,1
JAILNAME_COMPLEJOCARCELARIOYPENITENCIARIODEJAMUNDIRMUJERES,14,1
JAILNAME_EPMSCCARTAGENA,14,1
JAILNAME_EPAMSCASPOPAYANERE,14,1
JAILNAME_EPCCOMBITAMEDIANASEGURIDADBARNE,14,1
JAILNAME_COMPLEJOCARCELARIOYPENITENCIARIOMETROPOLITANODECUCUTACONDENADOS,14,1
JAILNAME_EPMSSANGIL,14,1
JAILNAME_EPMSCDUITAMA,14,1
JAILNAME_EPMSCSANTAROSADEVITERBOJYPMUJERES,14,1
JAILNAME_EPMSCLAPLATA,13,1
JAILNAME_CPAMSLAPAZ,13,1
JAILNAME_EPMSCQUIBDO,13,1
JAILNAME_CPAMSPALMIRA,13,1
JAILNAME_CPMSCHIQUINQUIRA,12,1
JAILNAME_COMPLEJOCARCELARIOYPENITENCIARIODEJAMUNDICONDENADOS,12,1
JAILNAME_COMPLEJOCARCELARIOYPENITENCIARIOMETROPOLITANODECUCUTAMUJERES,12,1
JAILNAME_EPMSCSOCORRO,12,1
JAILNAME_RMPOPAYAN,11,1
JAILNAME_CPMSTULUA,11,1
GNIC,11,1
JAILNAME_EPCLAESPERANZADEGUADUAS,11,1
JAILNAME_EPMSCGIRARDOT,11,1
JAILNAME_CPMSTUNJA,10,1
JAILNAME_EPMSCMAGANGUE,10,1
JAILNAME_CPMSMELGAR,9,1
JAILNAME_EPMSCSANTAMARTA,9,1
JAILNAME_EPMSCPUERTOBERRIO,9,1
JAILNAME_EPMSCYARUMAL,9,1
JAILNAME_EPMSCBARRANQUILLA,9,1
JAILNAME_EPMSRAMIRIQUI,9,1
MADRE_GESTANTE,9,1
JAILNAME_EPMSCSONSON,8,1
JAILNAME_EPMSCOCANA,8,1
JAILNAME_EPMSCZIPAQUIRA,8,1
JAILNAME_EPMSCBOLIVARCAUCA,8,1
JAILNAME_EPAMSCASCOMBITA,8,1
JAILNAME_RMMANIZALES,8,1
JAILNAME_EPMSCCHAPARRAL,8,1
JAILNAME_EPMSCVELEZ,8,1
JAILNAME_EPMSCPEREIRAERE,7,1
JAILNAME_CPMSSANTODOMINGO,7,1
JAILNAME_EPMSCBOLIVARANTIOQUIA,7,1
JAILNAME_EPMSCBUGA,7,1
JAILNAME_EPMSCCALARCA,7,1
JAILNAME_EPMSCSINCELEJO,7,1
JAILNAME_CPMSUBATE,7,1
JAILNAME_EPCGUAMO,7,1
JAILNAME_EPMSCPAMPLONA,7,1
JAILNAME_EPMSCSANTABARBARA,7,1
JAILNAME_CMPSJERICO,7,1
JAILNAME_EPMSCMANIZALES,7,1
JAILNAME_EPMSCNEIVA,7,1
JAILNAME_EPMSCSEVILLA,6,1
JAILNAME_EPMSCANSERMA,6,1
JAILNAME_EPMSCTAMESIS,6,1
JAILNAME_CPMSPURIFICACION,6,1
JAILNAME_CPMSPAZDEARIPORO,6,1
JAILNAME_CPMSMONIQUIRA,6,1
JAILNAME_CPMSGARAGOA,6,1
JAILNAME_CPMSLAMESA,6,1
JAILNAME_COMPLEJOCARCELARIOYPENITENCIARIOMETROPOLITANODECUCUTASINDICADOS,6,1
JAILNAME_RMDEJAMUNDI,6,1
JAILNAME_EPMSCVILLAVICENCIO,6,1
JAILNAME_EPMSCSALAMINA,6,1
JAILNAME_EPMSCSANTAROSADEOSOS,6,1
JAILNAME_EPMSCCAUCASIA,6,1
JAILNAME_COMPLEJOIBAGUEPICALEA,6,1
JAILNAME_RMPEREIRA,6,1
JAILNAME_EPCJAMUNDI,5,1
JAILNAME_EPMSCCAICEDONIA,5,1
JAILNAME_EPMSCAGUACHICA,5,1
JAILNAME_EPMSCSOGAMOSO,5,1
JAILNAME_EPMSCGUATEQUE,5,1
JAILNAME_EPMSCPUERTOBOYACA,5,1
JAILNAME_EPMSCMOCOA,5,1
JAILNAME_EPMSCRMPASTO,5,1
JAILNAME_EPMSCVALLEDUPAR,5,1
JAILNAME_EPAMSGIRON,5,1
JAILNAME_CPMSFUSAGASUGA,5,1
JAILNAME_EPMSCMALAGA,4,1
JAILNAME_COMPLEJOCARCELARIOYPENITENCIARIODEIBAGUEPICALEAMUJERES,4,1
JAILNAME_COMPLEJOCARCELARIOYPENITENCIARIODEIBAGUEPICALEACONDENADOS,4,1
JAILNAME_EPMSCHONDA,4,1
JAILNAME_EPMSCPITALITO,4,1
JAILNAME_EPMSCAGUADAS,4,1
JAILNAME_EPMSCTITIRIBI,3,1
JAILNAME_EPMSCSILVIA,3,1
JAILNAME_EPMSCRIOSUCIO,3,1
JAILNAME_EPMSCELBANCO,3,1
MARITALSTATUS_WIDOWER,3,1
JAILNAME_CPMSSANVICENTEDECHUCURI,3,1
JAILNAME_EPMSCSANTAROSADECABAL,3,1
EDUC_LEVEL_technologicalqualifiedknowing,3,1
JAILNAME_EPMSCISTMINA,3,1
JAILNAME_EPMSCPACORA,3,1
JAILNAME_EPMSCLETICIA,3,1
JAILNAME_EPMSCRIOHACHA,3,1
JAILNAME_EPCYOPAL,3,1
JAILNAME_ECSABANALARGAERE,3,1
JAILNAME_EPMSCPENSILVANIA,3,1
JAILNAME_EPMSCLIBANO,3,1
REGIONALNME_CENTRAL,2,1
JAILNAME_EPMSCFRESNO,2,1
JAILNAME_EPMSCELBORDO,2,1
JAILNAME_EPMSCGRANADA,2,1
JAILNAME_EPMSCROLDANILLO,2,1
JAILNAME_RMARMENIA,2,1
JAILNAME_EPMSCFACATATIVA,2,1
JAILNAME_CPMSCHOCONTA,2,1
JAILNAME_ECARMEROGUAYABAL,2,1
JAILNAME_CMSSANTAFEDEANTIOQUIA,2,1
ACTIVIDADES_ESTUDIO,1,1
JAILNAME_EPMSCVILLETA,1,1
JAILNAME_EPMSCLAUNION,1,1
JAILNAME_ECBOGOTA,1,1
JAILNAME_EPMSCSANANDRES,1,1
JAILNAME_EPMSCTUQUERRES,1,1
JAILNAME_EPMSCTUMACO,1,1
MARITALSTATUS_UNDEFINED,1,1
JAILNAME_EPMSCCUCUTAERE,1,1
JAILNAME_RMPEDREGALMEDELLIN,1,1
JAILNAME_EPMSCPUERTOTEJADA,0,1
SEVERITY,0,1
ADULTO_MAYOR,0,1
recidivism_day,0,1
timejail_day,0,1
JAILNAME_ERECOROZAL,0,1
HIJOS_MENORES,0,1
JAILNAME_RMMEDELLIN,0,1
JAILNAME_RMBOGOTA,0,1
JAILNAME_RMBUCARAMANGA,0,1
JAILNAME_RMCALI,0,1
JAILNAME_EPMSCTIERRAALTA,0,1
JAILNAME_RMCUCUTA,0,1
JAILNAME_RMGUAMO,0,1
ACTIVIDADES_ENSEANZA,0,1
REGIONALNME_ORIENTE,0,1
JAILNAME_RMPICALEA,0,1
ACTIVIDADES_TRABAJO,0,1
REGIONALNME_NOROESTE,0,1
REGIONALNME_NORTE,0,1
DISCAPACIDAD,0,1
REGIONALNME_OCCIDENTE,0,1
MADRE_LACTANTE,0,1
COUNTRY_REPUBLICOFCOLOMBIA,0,1
JAILNAME_EPMSCMONTERIA,0,1
DELITO_COMP_AGRA_CALF_THEFT,0,1
DELITO_COMP_TRAFFICMANUFACTUREANDPORTIONOFFIREARMSORAMMUNITIONS,0,1
DELITO_COMP_TRAFFICMANUFACTUREANDPORTIONOFWEAPONSANDAMMUNITIONSFORTHEPRIVATIVEUSEOFTHEARMEDFORCES,0,1
MARITALSTATUS_DIVORCED,0,1
MARITALSTATUS_FREEUNION,0,1
MARITALSTATUS_MARRIED,0,1
JAILNAME_EPLASHELICONIASDEFLORENCIA,0,1
JAILNAME_ECPEDREGALMEDELLIN,0,1
MARITALSTATUS_RELIGIOUS,0,1
MARITALSTATUS_SINGLE,0,1
JAILNAME_CPMSGACHETA,0,1
EDUC_LEVEL_Firstcycle,0,1
EDUC_LEVEL_Fourthcycle,0,1
EDUC_LEVEL_Illiterate,0,1
EDUC_LEVEL_MasterDegree,0,1
EDUC_LEVEL_Postgraduatecourse,0,1
EDUC_LEVEL_Postgraduatespecialization,0,1
EDUC_LEVEL_Profesionaltechnicianqualifiedknowing,0,1
JAILNAME_COMPLEJOCARCELARIOYPENITENCIARIOMETROPOLITANODEBOGOTA,0,1
EDUC_LEVEL_Profesionalundergrad,0,1
EDUC_LEVEL_Secondcycle,0,1
JAILNAME_COMPLEJOCARCELARIOYPENITENCIARIODEJAMUNDISINDICADOS,0,1
EDUC_LEVEL_Thirdcycle,0,1
EDUC_LEVEL_technicianqualifiedknowing,0,1
JAILNAME_COMPLEJOCARCELARIOYPENITENCIARIODEIBAGUEPICALEASINDICADOS,0,1
COUNTRY_OTHER,0,1
DELITO_COMP_THEFT,0,1
DELITO_COMP_TENT_HOMICIDE,0,1
JAILNAME_EPMSZAPATOCA,0,1
JAILNAME_EPMSCCIENAGA,0,1
JAILNAME_EPMSCMANZANARES,0,1
DELITO_COMP_AGRA_CONCERTFORDELINQUIR,0,1
DELITO_COMP_AGRA_HOMICIDE,0,1
DELITO_COMP_AGRA_THEFT,0,1
DELITO_COMP_CALF_THEFT,0,1
JAILNAME_EPMSCIBAGUEERE,0,1
DELITO_COMP_CONCERTFORDELINQUIR,0,1
DELITO_COMP_FOODABSENCE,0,1
JAILNAME_EPMSCFLORENCIA,0,1
COUNTRY_VENEZUELA,0,1
DELITO_COMP_HOMICIDE,0,1
DELITO_COMP_INTRAFAMILYVIOLENCE,0,1
JAILNAME_EPMSCACACIAS,0,1
DELITO_COMP_MANUFACTURETRAFFICPORTIONORTENUREOFFIREARMSACCESSORIESPARTSORAMMUNITIONS,0,1
JAILNAME_EPMSCCAQUEZA,0,1
JAILNAME_EPMSCCALOTO,0,1
DELITO_COMP_MANUFACTURINGTRAFFICORSUPPORTOFNARCOTICS,0,1
DELITO_COMP_OTHER,0,1
DELITO_COMP_PERSONALINJURIES,0,1
DELITO_COMP_RECEIVING,0,1
JAILNAME_EPMSCARMENIA,0,1
DELITO_COMP_TENT_AGRA_CALF_THEFT,0,1
DELITO_COMP_TENT_AGRA_THEFT,0,1
DELITO_COMP_TENT_CALF_THEFT,0,1
ANIO_NACIMIENTO,0,1
POP,46,2
EDINDEX,30,2
INCINDEX,24,2
JAILNAME_EPMSCMANIZALES,21,2
JAILNAME_EPMSCMEDELLIN,20,2
JAILNAME_COMPLEJOCARCELARIOYPENITENCIARIOMETROPOLITANODECUCUTACONDENADOS,19,2
JAILNAME_EPMSCSEVILLA,19,2
JAILNAME_CPMSBUCARAMANGAERE,18,2
JAILNAME_EPMSCPEREIRAERE,17,2
REGIONALNME_NORTE,17,2
MSCH,16,2
JAILNAME_EPMSCCALARCA,16,2
JAILNAME_CPMSPUERTOTRIUNFO,16,2
JAILNAME_EPMSCCALIERE,16,2
JAILNAME_COMPLEJOCARCELARIOYPENITENCIARIODEIBAGUEPICALEACONDENADOS,16,2
JAILNAME_EPMSCBARRANCABERMEJA,15,2
JAILNAME_COMPLEJOCARCELARIOYPENITENCIARIODEMEDELLINPEDREGALSINDICADOS,15,2
JAILNAME_COMPLEJOCARCELARIOYPENITENCIARIODEMEDELLINPEDREGALMUJERES,15,2
JAILNAME_CPAMSLAPAZ,15,2
ESCH,14,2
JAILNAME_COMPLEJOIBAGUEPICALEA,14,2
JAILNAME_EPCLAESPERANZADEGUADUAS,14,2
JAILNAME_EPMSCANDES,13,2
JAILNAME_EPMSCLAPLATA,13,2
JAILNAME_EPMSCLACEJA,13,2
JAILNAME_CAMISACACIAS,13,2
JAILNAME_CPMSTUNJA,13,2
JAILNAME_EPAMSLADORADA,13,2
JAILNAME_EPAMSCASPOPAYANERE,13,2
JAILNAME_EPCCOMBITAMEDIANASEGURIDADBARNE,13,2
JAILNAME_EPMSCRMPASTO,13,2
JAILNAME_EPAMSGIRON,13,2
JAILNAME_EPMSCARMENIA,13,2
JAILNAME_EPMSCAPARTADO,12,2
JAILNAME_CPMSCHIQUINQUIRA,12,2
JAILNAME_EPMSCSANTANDERDEQUILICHAO,12,2
JAILNAME_EPMSCGIRARDOT,12,2
JAILNAME_EPCYOPAL,11,2
JAILNAME_ECARMEROGUAYABAL,11,2
HEALTHINDEX,11,2
REGIONALNME_CENTRAL,11,2
JAILNAME_RMBUCARAMANGA,11,2
JAILNAME_EPMSCPITALITO,11,2
JAILNAME_EPMSCNEIVA,10,2
LIFEXP,10,2
JAILNAME_EPMSCIPIALES,10,2
JAILNAME_CPMSESPINAL,10,2
JAILNAME_EPMSCSOGAMOSO,10,2
JAILNAME_EPMSCACACIAS,10,2
JAILNAME_EPMSCBOLIVARCAUCA,10,2
JAILNAME_EPAMSCASCOMBITA,10,2
JAILNAME_EPMSCFLORENCIA,9,2
timejail_day,9,2
JAILNAME_EPCJAMUNDI,9,2
JAILNAME_EPMSCPUERTOTEJADA,9,2
JAILNAME_EPMSCZIPAQUIRA,9,2
JAILNAME_CPAMSPALMIRA,9,2
JAILNAME_EPMSCDUITAMA,9,2
JAILNAME_EPMSCBUGA,9,2
JAILNAME_EPMSCVILLAVICENCIO,9,2
JAILNAME_EPMSCSANTAROSADEVITERBOJYPMUJERES,9,2
JAILNAME_EPMSCBUENAVENTURA,9,2
JAILNAME_CPMSFUSAGASUGA,9,2
JAILNAME_CPMSPAZDEARIPORO,9,2
JAILNAME_EPMSCGARZON,9,2
JAILNAME_CPMSTULUA,9,2
JAILNAME_EPMSCRIOSUCIO,8,2
JAILNAME_EPLASHELICONIASDEFLORENCIA,8,2
JAILNAME_EPMSCCARTAGO,8,2
JAILNAME_EPMSCLIBANO,8,2
JAILNAME_EPMSCVELEZ,8,2
MADRE_GESTANTE,8,2
REGIONALNME_OCCIDENTE,8,2
GENERO,7,2
JAILNAME_EPMSCCAQUEZA,7,2
JAILNAME_EPMSCVILLETA,7,2
JAILNAME_EPCGUAMO,7,2
JAILNAME_RMBOGOTA,7,2
JAILNAME_COMPLEJOCARCELARIOYPENITENCIARIODEJAMUNDICONDENADOS,7,2
JAILNAME_EPMSSANGIL,7,2
JAILNAME_EPMSCAGUACHICA,7,2
JAILNAME_EPMSCAGUADAS,7,2
JAILNAME_EPMSCARAUCA,7,2
JAILNAME_CPMSMELGAR,7,2
JAILNAME_EPMSCTUQUERRES,7,2
JAILNAME_EPMSCTUMACO,7,2
JAILNAME_EPMSCFRESNO,7,2
JAILNAME_EPMSCCHAPARRAL,7,2
JAILNAME_EPMSCHONDA,7,2
JAILNAME_EPMSCCAICEDONIA,6,2
JAILNAME_COMPLEJOCARCELARIOYPENITENCIARIODEJAMUNDIRMUJERES,6,2
JAILNAME_EPMSCLAUNION,6,2
JAILNAME_ECBOGOTA,6,2
JAILNAME_EPMSCGRANADA,6,2
JAILNAME_CPMSCHOCONTA,6,2
JAILNAME_EPMSCELBORDO,6,2
JAILNAME_RMDEJAMUNDI,6,2
JAILNAME_CPMSMONIQUIRA,6,2
SHDI,6,2
JAILNAME_CPMSLAMESA,6,2
JAILNAME_CPMSGARAGOA,6,2
JAILNAME_EPMSCFACATATIVA,5,2
REGIONALNME_ORIENTE,5,2
JAILNAME_EPMSCIBAGUEERE,5,2
JAILNAME_EPMSCPENSILVANIA,5,2
JAILNAME_EPMSCPACORA,5,2
JAILNAME_EPMSRAMIRIQUI,5,2
JAILNAME_EPMSCSOCORRO,5,2
JAILNAME_CPMSUBATE,5,2
JAILNAME_EPMSCSILVIA,5,2
JAILNAME_EPMSCISTMINA,4,2
JAILNAME_EPMSCMOCOA,4,2
JAILNAME_RMPOPAYAN,4,2
COUNTRY_REPUBLICOFCOLOMBIA,4,2
JAILNAME_CPMSGACHETA,4,2
JAILNAME_CPMSPURIFICACION,4,2
GNIC,4,2
ACTIVIDADES_TRABAJO,3,2
JAILNAME_EPMSCROLDANILLO,3,2
JAILNAME_EPMSCSANTAROSADECABAL,3,2
JAILNAME_EPMSCANSERMA,3,2
JAILNAME_EPMSCGUATEQUE,3,2
JAILNAME_EPMSCPUERTOBERRIO,2,2
DELITO_COMP_AGRA_HOMICIDE,2,2
JAILNAME_EPMSCCALOTO,2,2
REGIONALNME_NOROESTE,2,2
JAILNAME_CMSSANTAFEDEANTIOQUIA,2,2
JAILNAME_EPMSCOCANA,2,2
JAILNAME_EPMSCQUIBDO,2,2
JAILNAME_EPMSCSALAMINA,2,2
DELITO_COMP_MANUFACTURINGTRAFFICORSUPPORTOFNARCOTICS,2,2
JAILNAME_EPMSCPUERTOBOYACA,2,2
JAILNAME_COMPLEJOCARCELARIOYPENITENCIARIODEIBAGUEPICALEASINDICADOS,2,2
JAILNAME_RMPEDREGALMEDELLIN,1,2
JAILNAME_COMPLEJOCARCELARIOYPENITENCIARIODEIBAGUEPICALEAMUJERES,1,2
JAILNAME_EPMSCYARUMAL,1,2
MARITALSTATUS_UNDEFINED,1,2
JAILNAME_EPMSCMANZANARES,0,2
JAILNAME_EPMSCSANANDRES,0,2
JAILNAME_EPMSCRIOHACHA,0,2
JAILNAME_EPMSCMALAGA,0,2
REGIONALNME_VIEJOCALDAS,0,2
recidivism_day,0,2
JAILNAME_EPMSCSANTABARBARA,0,2
JAILNAME_EPMSCVALLEDUPAR,0,2
JAILNAME_EPMSCSANTAMARTA,0,2
JAILNAME_EPMSCMONTERIA,0,2
JAILNAME_EPMSCTIERRAALTA,0,2
JAILNAME_ERECOROZAL,0,2
JAILNAME_RMARMENIA,0,2
JAILNAME_EPMSCTAMESIS,0,2
JAILNAME_EPMSCSONSON,0,2
JAILNAME_EPMSCPAMPLONA,0,2
JAILNAME_RMCALI,0,2
JAILNAME_RMCUCUTA,0,2
JAILNAME_EPMSCSINCELEJO,0,2
JAILNAME_RMGUAMO,0,2
JAILNAME_RMMANIZALES,0,2
JAILNAME_RMMEDELLIN,0,2
JAILNAME_RMPEREIRA,0,2
JAILNAME_EPMSCTITIRIBI,0,2
JAILNAME_EPMSCSANTAROSADEOSOS,0,2
JAILNAME_RMPICALEA,0,2
ANIO_NACIMIENTO,0,2
JAILNAME_EPMSCMAGANGUE,0,2
DELITO_COMP_THEFT,0,2
DELITO_COMP_PERSONALINJURIES,0,2
DELITO_COMP_RECEIVING,0,2
DELITO_COMP_TENT_AGRA_CALF_THEFT,0,2
DELITO_COMP_TENT_AGRA_THEFT,0,2
DELITO_COMP_TENT_CALF_THEFT,0,2
DELITO_COMP_TENT_HOMICIDE,0,2
DELITO_COMP_TRAFFICMANUFACTUREANDPORTIONOFFIREARMSORAMMUNITIONS,0,2
MARITALSTATUS_WIDOWER,0,2
DELITO_COMP_TRAFFICMANUFACTUREANDPORTIONOFWEAPONSANDAMMUNITIONSFORTHEPRIVATIVEUSEOFTHEARMEDFORCES,0,2
MARITALSTATUS_DIVORCED,0,2
MARITALSTATUS_FREEUNION,0,2
MARITALSTATUS_MARRIED,0,2
MARITALSTATUS_RELIGIOUS,0,2
MARITALSTATUS_SEPARATED,0,2
DELITO_COMP_OTHER,0,2
DELITO_COMP_MANUFACTURETRAFFICPORTIONORTENUREOFFIREARMSACCESSORIESPARTSORAMMUNITIONS,0,2
DELITO_COMP_INTRAFAMILYVIOLENCE,0,2
DELITO_COMP_HOMICIDE,0,2
DELITO_COMP_FOODABSENCE,0,2
DELITO_COMP_CONCERTFORDELINQUIR,0,2
DELITO_COMP_CALF_THEFT,0,2
DELITO_COMP_AGRA_THEFT,0,2
DELITO_COMP_AGRA_CONCERTFORDELINQUIR,0,2
DELITO_COMP_AGRA_CALF_THEFT,0,2
SEVERITY,0,2
ADULTO_MAYOR,0,2
DISCAPACIDAD,0,2
MADRE_LACTANTE,0,2
ACTIVIDADES_ENSEANZA,0,2
ACTIVIDADES_ESTUDIO,0,2
HIJOS_MENORES,0,2
MARITALSTATUS_SINGLE,0,2
EDUC_LEVEL_Firstcycle,0,2
JAILNAME_EPMSCLETICIA,0,2
JAILNAME_EPMSZAPATOCA,0,2
JAILNAME_COMPLEJOCARCELARIOYPENITENCIARIOMETROPOLITANODECUCUTASINDICADOS,0,2
JAILNAME_CPMSSANVICENTEDECHUCURI,0,2
JAILNAME_CPMSSANTODOMINGO,0,2
JAILNAME_ECPEDREGALMEDELLIN,0,2
JAILNAME_ECSABANALARGAERE,0,2
JAILNAME_EPAMSCASVALLEDUPARERM,0,2
JAILNAME_EPMSCBARRANQUILLA,0,2
EDUC_LEVEL_Fourthcycle,0,2
JAILNAME_EPMSCBOLIVARANTIOQUIA,0,2
JAILNAME_EPMSCCARTAGENA,0,2
JAILNAME_EPMSCCAUCASIA,0,2
JAILNAME_EPMSCCIENAGA,0,2
JAILNAME_EPMSCCUCUTAERE,0,2
JAILNAME_EPMSCELBANCO,0,2
JAILNAME_COMPLEJOCARCELARIOYPENITENCIARIOMETROPOLITANODECUCUTAMUJERES,0,2
JAILNAME_COMPLEJOCARCELARIOYPENITENCIARIOMETROPOLITANODEBOGOTA,0,2
JAILNAME_COMPLEJOCARCELARIOYPENITENCIARIODEJAMUNDISINDICADOS,0,2
JAILNAME_CMSBARRANQUILLA,0,2
JAILNAME_CMPSJERICO,0,2
COUNTRY_VENEZUELA,0,2
COUNTRY_OTHER,0,2
EDUC_LEVEL_technologicalqualifiedknowing,0,2
EDUC_LEVEL_technicianqualifiedknowing,0,2
EDUC_LEVEL_Thirdcycle,0,2
EDUC_LEVEL_Secondcycle,0,2
EDUC_LEVEL_Profesionalundergrad,0,2
EDUC_LEVEL_Profesionaltechnicianqualifiedknowing,0,2
EDUC_LEVEL_Postgraduatespecialization,0,2
EDUC_LEVEL_Postgraduatecourse,0,2
EDUC_LEVEL_MasterDegree,0,2
EDUC_LEVEL_Illiterate,0,2
year,0,2
POP,104,3
SEVERITY,69,3
HEALTHINDEX,66,3
ESCH,35,3
EDINDEX,35,3
SHDI,34,3
EDUC_LEVEL_technicianqualifiedknowing,33,3
ACTIVIDADES_ENSEANZA,32,3
MARITALSTATUS_MARRIED,31,3
MARITALSTATUS_SEPARATED,29,3
EDUC_LEVEL_Profesionalundergrad,28,3
JAILNAME_EPCCOMBITAMEDIANASEGURIDADBARNE,27,3
GNIC,27,3
INCINDEX,25,3
DELITO_COMP_FOODABSENCE,25,3
JAILNAME_CPAMSLAPAZ,21,3
JAILNAME_CPMSPUERTOTRIUNFO,21,3
JAILNAME_COMPLEJOCARCELARIOYPENITENCIARIODEMEDELLINPEDREGALSINDICADOS,21,3
JAILNAME_COMPLEJOCARCELARIOYPENITENCIARIODEMEDELLINPEDREGALMUJERES,21,3
JAILNAME_EPMSCGIRARDOT,21,3
MSCH,20,3
JAILNAME_EPAMSGIRON,20,3
JAILNAME_EPMSCBUGA,20,3
JAILNAME_EPMSCSOGAMOSO,20,3
JAILNAME_CPMSTULUA,19,3
GENERO,19,3
JAILNAME_COMPLEJOCARCELARIOYPENITENCIARIODEJAMUNDIRMUJERES,16,3
ANIO_NACIMIENTO,15,3
JAILNAME_EPMSCACACIAS,15,3
JAILNAME_EPMSCPITALITO,15,3
DELITO_COMP_TENT_AGRA_THEFT,14,3
JAILNAME_CMSBARRANQUILLA,14,3
JAILNAME_ECBOGOTA,13,3
EDUC_LEVEL_technologicalqualifiedknowing,13,3
timejail_day,13,3
JAILNAME_EPAMSCASVALLEDUPARERM,13,3
JAILNAME_EPAMSLADORADA,12,3
JAILNAME_EPMSCCARTAGENA,12,3
JAILNAME_CPMSPAZDEARIPORO,12,3
JAILNAME_EPMSCMAGANGUE,12,3
JAILNAME_EPMSCSINCELEJO,11,3
REGIONALNME_NORTE,11,3
JAILNAME_EPCLAESPERANZADEGUADUAS,11,3
JAILNAME_COMPLEJOCARCELARIOYPENITENCIARIOMETROPOLITANODECUCUTACONDENADOS,11,3
LIFEXP,11,3
JAILNAME_EPMSCGARZON,11,3
JAILNAME_COMPLEJOIBAGUEPICALEA,11,3
JAILNAME_EPMSCMEDELLIN,10,3
year,10,3
JAILNAME_EPMSCVILLAVICENCIO,9,3
JAILNAME_EPMSCBUENAVENTURA,9,3
JAILNAME_EPMSCELBANCO,8,3
JAILNAME_RMARMENIA,8,3
JAILNAME_RMBOGOTA,8,3
JAILNAME_CPMSESPINAL,7,3
JAILNAME_EPMSCCARTAGO,7,3
JAILNAME_EPMSCRIOHACHA,7,3
JAILNAME_EPMSCCALIERE,6,3
JAILNAME_EPMSCSANTAMARTA,6,3
JAILNAME_EPMSCPEREIRAERE,6,3
JAILNAME_EPMSCIPIALES,5,3
DELITO_COMP_RECEIVING,5,3
JAILNAME_EPMSCZIPAQUIRA,5,3
JAILNAME_EPMSCPUERTOBERRIO,5,3
JAILNAME_EPMSCLAPLATA,5,3
JAILNAME_CPMSSANTODOMINGO,5,3
JAILNAME_EPMSCLACEJA,5,3
JAILNAME_EPMSCSANTANDERDEQUILICHAO,5,3
JAILNAME_EPMSCAPARTADO,5,3
JAILNAME_CPMSCHIQUINQUIRA,5,3
JAILNAME_EPMSCANDES,5,3
JAILNAME_EPMSCBARRANCABERMEJA,4,3
JAILNAME_EPMSCSANTAROSADEVITERBOJYPMUJERES,4,3
JAILNAME_EPMSCSANANDRES,4,3
JAILNAME_EPMSCSONSON,4,3
JAILNAME_EPMSCYARUMAL,4,3
recidivism_day,4,3
DELITO_COMP_AGRA_CONCERTFORDELINQUIR,4,3
JAILNAME_EPMSCNEIVA,4,3
MADRE_GESTANTE,4,3
JAILNAME_EPMSCSANTAROSADEOSOS,4,3
JAILNAME_CMPSJERICO,4,3
JAILNAME_EPMSCQUIBDO,4,3
JAILNAME_EPMSCDUITAMA,4,3
JAILNAME_COMPLEJOCARCELARIOYPENITENCIARIOMETROPOLITANODEBOGOTA,4,3
JAILNAME_EPMSCSOCORRO,3,3
DELITO_COMP_OTHER,3,3
JAILNAME_EPMSCTAMESIS,3,3
JAILNAME_EPMSSANGIL,3,3
JAILNAME_CPMSUBATE,3,3
JAILNAME_EPMSCMANIZALES,3,3
JAILNAME_CPMSLAMESA,3,3
JAILNAME_EPMSCSANTABARBARA,3,3
JAILNAME_EPMSCARMENIA,3,3
JAILNAME_EPMSCBOLIVARANTIOQUIA,3,3
JAILNAME_EPMSCPUERTOBOYACA,3,3
ACTIVIDADES_TRABAJO,3,3
JAILNAME_EPLASHELICONIASDEFLORENCIA,3,3
JAILNAME_EPMSCBARRANQUILLA,2,3
JAILNAME_ECSABANALARGAERE,2,3
JAILNAME_EPMSCBOLIVARCAUCA,2,3
JAILNAME_EPMSCCALARCA,2,3
JAILNAME_EPMSCCAUCASIA,2,3
ADULTO_MAYOR,2,3
DELITO_COMP_MANUFACTURINGTRAFFICORSUPPORTOFNARCOTICS,2,3
JAILNAME_CPAMSPALMIRA,2,3
JAILNAME_COMPLEJOCARCELARIOYPENITENCIARIODEJAMUNDICONDENADOS,2,3
REGIONALNME_NOROESTE,2,3
REGIONALNME_ORIENTE,2,3
DELITO_COMP_TRAFFICMANUFACTUREANDPORTIONOFWEAPONSANDAMMUNITIONSFORTHEPRIVATIVEUSEOFTHEARMEDFORCES,2,3
JAILNAME_RMBUCARAMANGA,2,3
JAILNAME_RMPEREIRA,1,3
DELITO_COMP_TENT_HOMICIDE,1,3
MARITALSTATUS_WIDOWER,1,3
JAILNAME_EPMSCSALAMINA,1,3
JAILNAME_EPMSCANSERMA,1,3
JAILNAME_EPMSCCAICEDONIA,1,3
JAILNAME_CPMSTUNJA,1,3
JAILNAME_EPMSCCAQUEZA,1,3
JAILNAME_EPMSCGRANADA,1,3
JAILNAME_EPMSCFLORENCIA,1,3
JAILNAME_EPMSCOCANA,1,3
JAILNAME_EPMSRAMIRIQUI,1,3
JAILNAME_CPMSCHOCONTA,1,3
JAILNAME_EPMSCTITIRIBI,1,3
JAILNAME_EPMSCSANTAROSADECABAL,1,3
DISCAPACIDAD,1,3
DELITO_COMP_TENT_CALF_THEFT,1,3
JAILNAME_EPMSCSEVILLA,1,3
JAILNAME_EPCJAMUNDI,1,3
JAILNAME_CPMSFUSAGASUGA,1,3
DELITO_COMP_INTRAFAMILYVIOLENCE,1,3
JAILNAME_EPAMSCASPOPAYANERE,1,3
JAILNAME_RMPOPAYAN,0,3
MADRE_LACTANTE,0,3
REGIONALNME_CENTRAL,0,3
HIJOS_MENORES,0,3
JAILNAME_EPMSCPAMPLONA,0,3
JAILNAME_EPMSCPENSILVANIA,0,3
JAILNAME_EPMSCMOCOA,0,3
JAILNAME_EPMSCMONTERIA,0,3
JAILNAME_EPMSCPACORA,0,3
REGIONALNME_VIEJOCALDAS,0,3
REGIONALNME_OCCIDENTE,0,3
JAILNAME_RMPICALEA,0,3
ACTIVIDADES_ESTUDIO,0,3
JAILNAME_RMPEDREGALMEDELLIN,0,3
JAILNAME_EPMSCPUERTOTEJADA,0,3
JAILNAME_EPMSCMANZANARES,0,3
JAILNAME_EPMSCTIERRAALTA,0,3
JAILNAME_EPMSCSILVIA,0,3
JAILNAME_EPMSCTUMACO,0,3
JAILNAME_EPMSCTUQUERRES,0,3
JAILNAME_EPMSCVALLEDUPAR,0,3
JAILNAME_EPMSCVELEZ,0,3
JAILNAME_EPMSCVILLETA,0,3
JAILNAME_EPMSCRMPASTO,0,3
JAILNAME_ERECOROZAL,0,3
JAILNAME_RMCALI,0,3
JAILNAME_EPMSCROLDANILLO,0,3
JAILNAME_EPMSCRIOSUCIO,0,3
JAILNAME_RMDEJAMUNDI,0,3
JAILNAME_RMGUAMO,0,3
JAILNAME_RMMANIZALES,0,3
JAILNAME_RMMEDELLIN,0,3
JAILNAME_RMCUCUTA,0,3
EDUC_LEVEL_Firstcycle,0,3
JAILNAME_EPMSCMALAGA,0,3
JAILNAME_COMPLEJOCARCELARIOYPENITENCIARIODEIBAGUEPICALEACONDENADOS,0,3
JAILNAME_CPMSMONIQUIRA,0,3
JAILNAME_CPMSMELGAR,0,3
JAILNAME_CPMSGARAGOA,0,3
JAILNAME_CPMSGACHETA,0,3
JAILNAME_CPMSBUCARAMANGAERE,0,3
DELITO_COMP_THEFT,0,3
JAILNAME_COMPLEJOCARCELARIOYPENITENCIARIOMETROPOLITANODECUCUTASINDICADOS,0,3
JAILNAME_COMPLEJOCARCELARIOYPENITENCIARIOMETROPOLITANODECUCUTAMUJERES,0,3
DELITO_COMP_TRAFFICMANUFACTUREANDPORTIONOFFIREARMSORAMMUNITIONS,0,3
MARITALSTATUS_DIVORCED,0,3
JAILNAME_COMPLEJOCARCELARIOYPENITENCIARIODEJAMUNDISINDICADOS,0,3
MARITALSTATUS_FREEUNION,0,3
JAILNAME_COMPLEJOCARCELARIOYPENITENCIARIODEIBAGUEPICALEASINDICADOS,0,3
JAILNAME_COMPLEJOCARCELARIOYPENITENCIARIODEIBAGUEPICALEAMUJERES,0,3
JAILNAME_CMSSANTAFEDEANTIOQUIA,0,3
JAILNAME_EPMSCLIBANO,0,3
MARITALSTATUS_RELIGIOUS,0,3
JAILNAME_CAMISACACIAS,0,3
COUNTRY_VENEZUELA,0,3
COUNTRY_REPUBLICOFCOLOMBIA,0,3
COUNTRY_OTHER,0,3
MARITALSTATUS_SINGLE,0,3
MARITALSTATUS_UNDEFINED,0,3
EDUC_LEVEL_Thirdcycle,0,3
EDUC_LEVEL_Secondcycle,0,3
EDUC_LEVEL_Profesionaltechnicianqualifiedknowing,0,3
EDUC_LEVEL_Postgraduatespecialization,0,3
EDUC_LEVEL_Postgraduatecourse,0,3
EDUC_LEVEL_MasterDegree,0,3
EDUC_LEVEL_Illiterate,0,3
DELITO_COMP_TENT_AGRA_CALF_THEFT,0,3
JAILNAME_CPMSPURIFICACION,0,3
JAILNAME_CPMSSANVICENTEDECHUCURI,0,3
JAILNAME_ECARMEROGUAYABAL,0,3
JAILNAME_EPMSCLETICIA,0,3
JAILNAME_EPMSCLAUNION,0,3
JAILNAME_EPMSCISTMINA,0,3
JAILNAME_EPMSCIBAGUEERE,0,3
JAILNAME_EPMSCHONDA,0,3
JAILNAME_EPMSCGUATEQUE,0,3
DELITO_COMP_AGRA_CALF_THEFT,0,3
JAILNAME_EPMSCFRESNO,0,3
JAILNAME_EPMSCFACATATIVA,0,3
JAILNAME_EPMSCELBORDO,0,3
JAILNAME_EPMSCCUCUTAERE,0,3
JAILNAME_EPMSCCIENAGA,0,3
EDUC_LEVEL_Fourthcycle,0,3
DELITO_COMP_AGRA_HOMICIDE,0,3
JAILNAME_EPMSCCALOTO,0,3
DELITO_COMP_AGRA_THEFT,0,3
JAILNAME_EPMSCARAUCA,0,3
JAILNAME_EPMSCAGUADAS,0,3
JAILNAME_EPMSCAGUACHICA,0,3
DELITO_COMP_CALF_THEFT,0,3
JAILNAME_EPMSZAPATOCA,0,3
DELITO_COMP_CONCERTFORDELINQUIR,0,3
JAILNAME_EPCYOPAL,0,3
DELITO_COMP_HOMICIDE,0,3
JAILNAME_EPCGUAMO,0,3
DELITO_COMP_MANUFACTURETRAFFICPORTIONORTENUREOFFIREARMSACCESSORIESPARTSORAMMUNITIONS,0,3
JAILNAME_EPAMSCASCOMBITA,0,3
JAILNAME_ECPEDREGALMEDELLIN,0,3
DELITO_COMP_PERSONALINJURIES,0,3
JAILNAME_EPMSCCHAPARRAL,0,3
POP,93,4
SEVERITY,69,4
ACTIVIDADES_ENSEANZA,49,4
EDUC_LEVEL_technicianqualifiedknowing,46,4
DELITO_COMP_FOODABSENCE,41,4
JAILNAME_COMPLEJOCARCELARIOYPENITENCIARIODEIBAGUEPICALEACONDENADOS,39,4
ESCH,39,4
EDUC_LEVEL_Profesionalundergrad,36,4
JAILNAME_CPMSBUCARAMANGAERE,36,4
MARITALSTATUS_MARRIED,35,4
year,32,4
SHDI,27,4
INCINDEX,26,4
GENERO,25,4
JAILNAME_EPMSCMEDELLIN,24,4
JAILNAME_EPMSCCALIERE,23,4
REGIONALNME_NORTE,21,4
MARITALSTATUS_SEPARATED,19,4
JAILNAME_EPMSCACACIAS,19,4
DELITO_COMP_INTRAFAMILYVIOLENCE,19,4
JAILNAME_EPMSCMANIZALES,17,4
JAILNAME_CPMSTULUA,17,4
JAILNAME_EPMSCNEIVA,17,4
JAILNAME_EPAMSCASPOPAYANERE,17,4
JAILNAME_EPMSCBUGA,16,4
JAILNAME_CPAMSPALMIRA,14,4
JAILNAME_EPMSCRMPASTO,14,4
JAILNAME_EPMSCCARTAGO,14,4
ANIO_NACIMIENTO,14,4
GNIC,14,4
JAILNAME_EPCLAESPERANZADEGUADUAS,13,4
JAILNAME_EPMSCBUENAVENTURA,13,4
JAILNAME_CAMISACACIAS,13,4
JAILNAME_COMPLEJOCARCELARIOYPENITENCIARIOMETROPOLITANODECUCUTACONDENADOS,12,4
MSCH,11,4
HEALTHINDEX,11,4
JAILNAME_EPMSCSANTAROSADECABAL,10,4
JAILNAME_EPMSCSEVILLA,10,4
JAILNAME_EPMSCPEREIRAERE,10,4
JAILNAME_ECBOGOTA,9,4
JAILNAME_EPAMSGIRON,9,4
EDUC_LEVEL_technologicalqualifiedknowing,9,4
JAILNAME_COMPLEJOCARCELARIOYPENITENCIARIODEJAMUNDICONDENADOS,9,4
EDINDEX,9,4
JAILNAME_EPMSCOCANA,8,4
JAILNAME_EPMSSANGIL,7,4
JAILNAME_EPMSCCAICEDONIA,7,4
DELITO_COMP_TENT_AGRA_THEFT,7,4
LIFEXP,7,4
JAILNAME_COMPLEJOCARCELARIOYPENITENCIARIOMETROPOLITANODECUCUTASINDICADOS,7,4
JAILNAME_EPMSCPAMPLONA,7,4
JAILNAME_EPAMSLADORADA,7,4
JAILNAME_EPMSCGIRARDOT,7,4
JAILNAME_EPMSCHONDA,6,4
DELITO_COMP_RECEIVING,6,4
JAILNAME_EPMSCSOCORRO,6,4
timejail_day,6,4
JAILNAME_EPMSCANSERMA,6,4
JAILNAME_EPMSCIPIALES,6,4
JAILNAME_EPCJAMUNDI,5,4
JAILNAME_EPMSCSANTANDERDEQUILICHAO,5,4
JAILNAME_EPMSCSALAMINA,5,4
JAILNAME_EPMSCVELEZ,5,4
JAILNAME_EPMSCCHAPARRAL,5,4
JAILNAME_EPMSCBOLIVARCAUCA,5,4
DELITO_COMP_OTHER,5,4
JAILNAME_EPMSCZIPAQUIRA,5,4
ADULTO_MAYOR,5,4
JAILNAME_EPMSCELBORDO,4,4
JAILNAME_EPCGUAMO,4,4
JAILNAME_EPMSCFRESNO,4,4
JAILNAME_CPAMSLAPAZ,4,4
JAILNAME_EPMSCVILLETA,4,4
JAILNAME_EPMSCGRANADA,4,4
JAILNAME_CPMSLAMESA,4,4
JAILNAME_CPMSCHOCONTA,4,4
JAILNAME_COMPLEJOCARCELARIOYPENITENCIARIODEMEDELLINPEDREGALSINDICADOS,4,4
JAILNAME_CPMSFUSAGASUGA,4,4
JAILNAME_EPMSCAGUACHICA,4,4
JAILNAME_EPMSCTUMACO,4,4
JAILNAME_CPMSPUERTOTRIUNFO,4,4
JAILNAME_EPMSCTUQUERRES,4,4
JAILNAME_EPMSCLIBANO,4,4
JAILNAME_EPMSCLACEJA,3,4
JAILNAME_EPMSCLAUNION,3,4
JAILNAME_CPMSMELGAR,3,4
JAILNAME_EPMSCVILLAVICENCIO,3,4
JAILNAME_EPMSCRIOSUCIO,3,4
JAILNAME_EPMSCAGUADAS,3,4
JAILNAME_EPMSCANDES,3,4
JAILNAME_EPMSCROLDANILLO,3,4
JAILNAME_EPMSCAPARTADO,3,4
JAILNAME_CPMSUBATE,3,4
JAILNAME_EPMSCFACATATIVA,2,4
JAILNAME_EPMSCPITALITO,2,4
JAILNAME_EPMSCCAQUEZA,2,4
JAILNAME_EPMSCPUERTOTEJADA,2,4
JAILNAME_EPMSCBARRANCABERMEJA,2,4
JAILNAME_EPMSCSILVIA,2,4
JAILNAME_CPMSESPINAL,2,4
JAILNAME_CPMSTUNJA,1,4
JAILNAME_CMPSJERICO,1,4
JAILNAME_COMPLEJOCARCELARIOYPENITENCIARIODEMEDELLINPEDREGALMUJERES,1,4
JAILNAME_EPMSCTITIRIBI,1,4
JAILNAME_COMPLEJOCARCELARIOYPENITENCIARIODEJAMUNDIRMUJERES,1,4
JAILNAME_EPMSCPENSILVANIA,1,4
DELITO_COMP_AGRA_HOMICIDE,1,4
JAILNAME_EPMSCYARUMAL,1,4
JAILNAME_EPMSCTAMESIS,1,4
EDUC_LEVEL_Thirdcycle,1,4
JAILNAME_CPMSSANTODOMINGO,1,4
JAILNAME_RMBOGOTA,1,4
JAILNAME_EPMSCPACORA,1,4
JAILNAME_EPMSCPUERTOBERRIO,1,4
JAILNAME_EPMSCCAUCASIA,1,4
JAILNAME_EPMSCSANTABARBARA,1,4
JAILNAME_COMPLEJOCARCELARIOYPENITENCIARIODEIBAGUEPICALEASINDICADOS,1,4
JAILNAME_EPMSCSANTAROSADEVITERBOJYPMUJERES,1,4
JAILNAME_EPMSCSANTAROSADEOSOS,1,4
JAILNAME_ECARMEROGUAYABAL,1,4
recidivism_day,1,4
JAILNAME_CPMSMONIQUIRA,1,4
JAILNAME_CPMSGARAGOA,1,4
JAILNAME_CPMSGACHETA,1,4
JAILNAME_EPMSCDUITAMA,1,4
JAILNAME_EPMSCSOGAMOSO,1,4
JAILNAME_EPCCOMBITAMEDIANASEGURIDADBARNE,1,4
JAILNAME_EPMSCSONSON,1,4
DELITO_COMP_AGRA_CALF_THEFT,1,4
DELITO_COMP_AGRA_CONCERTFORDELINQUIR,1,4
JAILNAME_EPMSCMONTERIA,0,4
MADRE_GESTANTE,0,4
JAILNAME_RMMEDELLIN,0,4
JAILNAME_RMPEDREGALMEDELLIN,0,4
JAILNAME_RMPEREIRA,0,4
JAILNAME_RMPICALEA,0,4
REGIONALNME_CENTRAL,0,4
JAILNAME_RMPOPAYAN,0,4
REGIONALNME_ORIENTE,0,4
REGIONALNME_NOROESTE,0,4
HIJOS_MENORES,0,4
REGIONALNME_VIEJOCALDAS,0,4
ACTIVIDADES_ESTUDIO,0,4
REGIONALNME_OCCIDENTE,0,4
JAILNAME_EPMSCMOCOA,0,4
JAILNAME_EPMSCRIOHACHA,0,4
JAILNAME_RMMANIZALES,0,4
JAILNAME_RMGUAMO,0,4
MADRE_LACTANTE,0,4
JAILNAME_EPMSCSINCELEJO,0,4
JAILNAME_EPMSCSANTAMARTA,0,4
JAILNAME_EPMSCTIERRAALTA,0,4
JAILNAME_EPMSCVALLEDUPAR,0,4
JAILNAME_EPMSCSANANDRES,0,4
ACTIVIDADES_TRABAJO,0,4
JAILNAME_ERECOROZAL,0,4
JAILNAME_RMARMENIA,0,4
JAILNAME_EPMSCQUIBDO,0,4
JAILNAME_RMBUCARAMANGA,0,4
JAILNAME_RMCALI,0,4
JAILNAME_RMCUCUTA,0,4
JAILNAME_EPMSCPUERTOBOYACA,0,4
JAILNAME_RMDEJAMUNDI,0,4
JAILNAME_EPMSCMANZANARES,0,4
DELITO_COMP_MANUFACTURETRAFFICPORTIONORTENUREOFFIREARMSACCESSORIESPARTSORAMMUNITIONS,0,4
JAILNAME_EPMSCMALAGA,0,4
EDUC_LEVEL_Secondcycle,0,4
EDUC_LEVEL_Illiterate,0,4
EDUC_LEVEL_MasterDegree,0,4
EDUC_LEVEL_Postgraduatecourse,0,4
EDUC_LEVEL_Postgraduatespecialization,0,4
EDUC_LEVEL_Profesionaltechnicianqualifiedknowing,0,4
DELITO_COMP_CALF_THEFT,0,4
DELITO_COMP_AGRA_THEFT,0,4
JAILNAME_EPMSCMAGANGUE,0,4
COUNTRY_OTHER,0,4
COUNTRY_REPUBLICOFCOLOMBIA,0,4
COUNTRY_VENEZUELA,0,4
JAILNAME_CMSBARRANQUILLA,0,4
JAILNAME_CMSSANTAFEDEANTIOQUIA,0,4
JAILNAME_COMPLEJOCARCELARIOYPENITENCIARIODEIBAGUEPICALEAMUJERES,0,4
EDUC_LEVEL_Fourthcycle,0,4
EDUC_LEVEL_Firstcycle,0,4
MARITALSTATUS_WIDOWER,0,4
MARITALSTATUS_UNDEFINED,0,4
MARITALSTATUS_SINGLE,0,4
DELITO_COMP_CONCERTFORDELINQUIR,0,4
MARITALSTATUS_RELIGIOUS,0,4
DELITO_COMP_HOMICIDE,0,4
MARITALSTATUS_FREEUNION,0,4
MARITALSTATUS_DIVORCED,0,4
DELITO_COMP_TRAFFICMANUFACTUREANDPORTIONOFWEAPONSANDAMMUNITIONSFORTHEPRIVATIVEUSEOFTHEARMEDFORCES,0,4
DELITO_COMP_TRAFFICMANUFACTUREANDPORTIONOFFIREARMSORAMMUNITIONS,0,4
DELITO_COMP_THEFT,0,4
DELITO_COMP_TENT_HOMICIDE,0,4
DELITO_COMP_TENT_CALF_THEFT,0,4
DELITO_COMP_TENT_AGRA_CALF_THEFT,0,4
DELITO_COMP_PERSONALINJURIES,0,4
JAILNAME_COMPLEJOCARCELARIOYPENITENCIARIODEJAMUNDISINDICADOS,0,4
JAILNAME_COMPLEJOCARCELARIOYPENITENCIARIOMETROPOLITANODEBOGOTA,0,4
JAILNAME_COMPLEJOCARCELARIOYPENITENCIARIOMETROPOLITANODECUCUTAMUJERES,0,4
DELITO_COMP_MANUFACTURINGTRAFFICORSUPPORTOFNARCOTICS,0,4
JAILNAME_EPMSCLETICIA,0,4
JAILNAME_EPMSCLAPLATA,0,4
JAILNAME_EPMSCISTMINA,0,4
JAILNAME_EPMSCIBAGUEERE,0,4
JAILNAME_EPMSCGUATEQUE,0,4
JAILNAME_EPMSCGARZON,0,4
JAILNAME_EPMSCFLORENCIA,0,4
JAILNAME_EPMSCELBANCO,0,4
JAILNAME_EPMSCCUCUTAERE,0,4
JAILNAME_EPMSCCIENAGA,0,4
DISCAPACIDAD,0,4
JAILNAME_EPMSCCARTAGENA,0,4
JAILNAME_EPMSCCALOTO,0,4
JAILNAME_EPMSCCALARCA,0,4
JAILNAME_EPMSCBOLIVARANTIOQUIA,0,4
JAILNAME_COMPLEJOIBAGUEPICALEA,0,4
JAILNAME_EPMSCBARRANQUILLA,0,4
JAILNAME_EPMSCARMENIA,0,4
JAILNAME_EPMSCARAUCA,0,4
JAILNAME_EPMSZAPATOCA,0,4
JAILNAME_EPCYOPAL,0,4
JAILNAME_EPAMSCASVALLEDUPARERM,0,4
JAILNAME_EPAMSCASCOMBITA,0,4
JAILNAME_EPLASHELICONIASDEFLORENCIA,0,4
JAILNAME_ECSABANALARGAERE,0,4
JAILNAME_ECPEDREGALMEDELLIN,0,4
JAILNAME_CPMSSANVICENTEDECHUCURI,0,4
JAILNAME_CPMSPURIFICACION,0,4
JAILNAME_CPMSPAZDEARIPORO,0,4
JAILNAME_CPMSCHIQUINQUIRA,0,4
JAILNAME_EPMSRAMIRIQUI,0,4
